username,password
user_80673@example.com,123456
user_80672@example.com,123456
user_80671@example.com,123456
user_80670@example.com,123456
user_80669@example.com,123456
user_80668@example.com,123456
user_80667@example.com,123456
user_80666@example.com,123456
user_80665@example.com,123456
user_80664@example.com,123456
user_80663@example.com,123456
user_80662@example.com,123456
user_80661@example.com,123456
user_80660@example.com,123456
user_80659@example.com,123456
user_80658@example.com,123456
user_80657@example.com,123456
user_80656@example.com,123456
user_80655@example.com,123456
user_80654@example.com,123456
user_80653@example.com,123456
user_80652@example.com,123456
user_80651@example.com,123456
user_80650@example.com,123456
user_80649@example.com,123456
user_80648@example.com,123456
user_80647@example.com,123456
user_80646@example.com,123456
user_80645@example.com,123456
user_80644@example.com,123456
